,Metric,Value
0,Annual Return,0.010146649907298487
1,Total Return,0.06386463787164343
2,Sharpe,0.5927438797380328
3,Calmar,0.6912352847037861
4,Max DD,-0.014679010362797977
5,Volatility,0.0171181015176114
6,VaR 95%,-0.001257205666938634
7,Skewness,4.955679888339572
